-- MySQL dump 10.13  Distrib 8.0.44, for Linux (x86_64)
--
-- Host: localhost    Database: Java_Final_Works
-- ------------------------------------------------------
-- Server version	8.0.44

/*!40101 SET @OLD_CHARACTER_SET_CLIENT=@@CHARACTER_SET_CLIENT */;
/*!40101 SET @OLD_CHARACTER_SET_RESULTS=@@CHARACTER_SET_RESULTS */;
/*!40101 SET @OLD_COLLATION_CONNECTION=@@COLLATION_CONNECTION */;
/*!50503 SET NAMES utf8mb4 */;
/*!40103 SET @OLD_TIME_ZONE=@@TIME_ZONE */;
/*!40103 SET TIME_ZONE='+00:00' */;
/*!40014 SET @OLD_UNIQUE_CHECKS=@@UNIQUE_CHECKS, UNIQUE_CHECKS=0 */;
/*!40014 SET @OLD_FOREIGN_KEY_CHECKS=@@FOREIGN_KEY_CHECKS, FOREIGN_KEY_CHECKS=0 */;
/*!40101 SET @OLD_SQL_MODE=@@SQL_MODE, SQL_MODE='NO_AUTO_VALUE_ON_ZERO' */;
/*!40111 SET @OLD_SQL_NOTES=@@SQL_NOTES, SQL_NOTES=0 */;

--
-- Table structure for table `BATCH_JOB_EXECUTION`
--

DROP TABLE IF EXISTS `BATCH_JOB_EXECUTION`;
/*!40101 SET @saved_cs_client     = @@character_set_client */;
/*!50503 SET character_set_client = utf8mb4 */;
CREATE TABLE `BATCH_JOB_EXECUTION` (
  `JOB_EXECUTION_ID` bigint NOT NULL,
  `VERSION` bigint DEFAULT NULL,
  `JOB_INSTANCE_ID` bigint NOT NULL,
  `CREATE_TIME` datetime(6) NOT NULL,
  `START_TIME` datetime(6) DEFAULT NULL,
  `END_TIME` datetime(6) DEFAULT NULL,
  `STATUS` varchar(10) COLLATE utf8mb4_general_ci DEFAULT NULL,
  `EXIT_CODE` varchar(2500) COLLATE utf8mb4_general_ci DEFAULT NULL,
  `EXIT_MESSAGE` varchar(2500) COLLATE utf8mb4_general_ci DEFAULT NULL,
  `LAST_UPDATED` datetime(6) DEFAULT NULL,
  PRIMARY KEY (`JOB_EXECUTION_ID`),
  KEY `JOB_INST_EXEC_FK` (`JOB_INSTANCE_ID`),
  CONSTRAINT `JOB_INST_EXEC_FK` FOREIGN KEY (`JOB_INSTANCE_ID`) REFERENCES `BATCH_JOB_INSTANCE` (`JOB_INSTANCE_ID`)
) ENGINE=InnoDB DEFAULT CHARSET=utf8mb4 COLLATE=utf8mb4_general_ci;
/*!40101 SET character_set_client = @saved_cs_client */;

--
-- Dumping data for table `BATCH_JOB_EXECUTION`
--

LOCK TABLES `BATCH_JOB_EXECUTION` WRITE;
/*!40000 ALTER TABLE `BATCH_JOB_EXECUTION` DISABLE KEYS */;
INSERT INTO `BATCH_JOB_EXECUTION` VALUES (1,2,1,'2026-01-20 18:38:57.647308','2026-01-20 18:38:57.668965','2026-01-20 18:38:57.709388','COMPLETED','COMPLETED','','2026-01-20 18:38:57.709563'),(2,2,1,'2026-01-20 18:42:19.790638','2026-01-20 18:42:19.803255','2026-01-20 18:42:19.815580','COMPLETED','NOOP','All steps already completed or no steps configured for this job.','2026-01-20 18:42:19.816223'),(3,2,1,'2026-01-20 18:45:51.297559','2026-01-20 18:45:51.306569','2026-01-20 18:45:51.311665','COMPLETED','NOOP','All steps already completed or no steps configured for this job.','2026-01-20 18:45:51.311928'),(4,2,1,'2026-01-20 18:59:15.223474','2026-01-20 18:59:15.232828','2026-01-20 18:59:15.239931','COMPLETED','NOOP','All steps already completed or no steps configured for this job.','2026-01-20 18:59:15.241598'),(5,2,1,'2026-01-20 19:00:34.516752','2026-01-20 19:00:34.526156','2026-01-20 19:00:34.536301','COMPLETED','NOOP','All steps already completed or no steps configured for this job.','2026-01-20 19:00:34.536727'),(6,2,1,'2026-01-21 10:05:05.599899','2026-01-21 10:05:05.620362','2026-01-21 10:05:05.627740','COMPLETED','NOOP','All steps already completed or no steps configured for this job.','2026-01-21 10:05:05.627997'),(7,2,1,'2026-01-21 10:06:34.721231','2026-01-21 10:06:34.728151','2026-01-21 10:06:34.732324','COMPLETED','NOOP','All steps already completed or no steps configured for this job.','2026-01-21 10:06:34.732522'),(8,2,1,'2026-01-21 10:09:07.061567','2026-01-21 10:09:07.068933','2026-01-21 10:09:07.073789','COMPLETED','NOOP','All steps already completed or no steps configured for this job.','2026-01-21 10:09:07.074456'),(9,2,1,'2026-01-21 10:15:58.549093','2026-01-21 10:15:58.558020','2026-01-21 10:15:58.563147','COMPLETED','NOOP','All steps already completed or no steps configured for this job.','2026-01-21 10:15:58.563388'),(10,2,1,'2026-01-21 10:16:40.982254','2026-01-21 10:16:40.989066','2026-01-21 10:16:40.993232','COMPLETED','NOOP','All steps already completed or no steps configured for this job.','2026-01-21 10:16:40.993397'),(11,2,1,'2026-01-21 10:17:16.870860','2026-01-21 10:17:16.880184','2026-01-21 10:17:16.885338','COMPLETED','NOOP','All steps already completed or no steps configured for this job.','2026-01-21 10:17:16.885574'),(12,2,1,'2026-01-21 10:18:42.310804','2026-01-21 10:18:42.318420','2026-01-21 10:18:42.322748','COMPLETED','NOOP','All steps already completed or no steps configured for this job.','2026-01-21 10:18:42.323021'),(13,2,1,'2026-01-21 10:19:48.724217','2026-01-21 10:19:48.736997','2026-01-21 10:19:48.744334','COMPLETED','NOOP','All steps already completed or no steps configured for this job.','2026-01-21 10:19:48.744729'),(14,2,1,'2026-01-21 10:22:25.910440','2026-01-21 10:22:25.919159','2026-01-21 10:22:25.923337','COMPLETED','NOOP','All steps already completed or no steps configured for this job.','2026-01-21 10:22:25.923489'),(15,2,1,'2026-01-21 10:23:13.441867','2026-01-21 10:23:13.451441','2026-01-21 10:23:13.456323','COMPLETED','NOOP','All steps already completed or no steps configured for this job.','2026-01-21 10:23:13.456618'),(16,2,1,'2026-01-21 10:25:55.334770','2026-01-21 10:25:55.345206','2026-01-21 10:25:55.350586','COMPLETED','NOOP','All steps already completed or no steps configured for this job.','2026-01-21 10:25:55.351118'),(17,2,1,'2026-01-21 10:25:58.695089','2026-01-21 10:25:58.704208','2026-01-21 10:25:58.710162','COMPLETED','NOOP','All steps already completed or no steps configured for this job.','2026-01-21 10:25:58.710870'),(18,2,1,'2026-01-21 10:30:24.469404','2026-01-21 10:30:24.478924','2026-01-21 10:30:24.488632','COMPLETED','NOOP','All steps already completed or no steps configured for this job.','2026-01-21 10:30:24.488888'),(19,2,1,'2026-01-21 10:30:46.727506','2026-01-21 10:30:46.733485','2026-01-21 10:30:46.737223','COMPLETED','NOOP','All steps already completed or no steps configured for this job.','2026-01-21 10:30:46.737461'),(20,2,1,'2026-01-21 10:32:53.431838','2026-01-21 10:32:53.441908','2026-01-21 10:32:53.448653','COMPLETED','NOOP','All steps already completed or no steps configured for this job.','2026-01-21 10:32:53.448931'),(21,2,1,'2026-01-21 10:43:39.592338','2026-01-21 10:43:39.600869','2026-01-21 10:43:39.605068','COMPLETED','NOOP','All steps already completed or no steps configured for this job.','2026-01-21 10:43:39.605256'),(22,2,1,'2026-01-21 10:44:00.061198','2026-01-21 10:44:00.072337','2026-01-21 10:44:00.078786','COMPLETED','NOOP','All steps already completed or no steps configured for this job.','2026-01-21 10:44:00.079355'),(23,2,1,'2026-01-21 10:44:20.238010','2026-01-21 10:44:20.249265','2026-01-21 10:44:20.254021','COMPLETED','NOOP','All steps already completed or no steps configured for this job.','2026-01-21 10:44:20.254436'),(24,2,1,'2026-01-21 10:47:33.451612','2026-01-21 10:47:33.462298','2026-01-21 10:47:33.467293','COMPLETED','NOOP','All steps already completed or no steps configured for this job.','2026-01-21 10:47:33.467800'),(25,2,1,'2026-01-21 11:00:26.130716','2026-01-21 11:00:26.174255','2026-01-21 11:00:26.181440','COMPLETED','NOOP','All steps already completed or no steps configured for this job.','2026-01-21 11:00:26.182604'),(26,2,1,'2026-01-21 11:03:05.781172','2026-01-21 11:03:05.809391','2026-01-21 11:03:05.816521','COMPLETED','NOOP','All steps already completed or no steps configured for this job.','2026-01-21 11:03:05.816694'),(27,2,1,'2026-01-21 11:04:05.574356','2026-01-21 11:04:05.586061','2026-01-21 11:04:05.597330','COMPLETED','NOOP','All steps already completed or no steps configured for this job.','2026-01-21 11:04:05.597842');
/*!40000 ALTER TABLE `BATCH_JOB_EXECUTION` ENABLE KEYS */;
UNLOCK TABLES;

--
-- Table structure for table `BATCH_JOB_EXECUTION_CONTEXT`
--

DROP TABLE IF EXISTS `BATCH_JOB_EXECUTION_CONTEXT`;
/*!40101 SET @saved_cs_client     = @@character_set_client */;
/*!50503 SET character_set_client = utf8mb4 */;
CREATE TABLE `BATCH_JOB_EXECUTION_CONTEXT` (
  `JOB_EXECUTION_ID` bigint NOT NULL,
  `SHORT_CONTEXT` varchar(2500) COLLATE utf8mb4_general_ci NOT NULL,
  `SERIALIZED_CONTEXT` text COLLATE utf8mb4_general_ci,
  PRIMARY KEY (`JOB_EXECUTION_ID`),
  CONSTRAINT `JOB_EXEC_CTX_FK` FOREIGN KEY (`JOB_EXECUTION_ID`) REFERENCES `BATCH_JOB_EXECUTION` (`JOB_EXECUTION_ID`)
) ENGINE=InnoDB DEFAULT CHARSET=utf8mb4 COLLATE=utf8mb4_general_ci;
/*!40101 SET character_set_client = @saved_cs_client */;

--
-- Dumping data for table `BATCH_JOB_EXECUTION_CONTEXT`
--

LOCK TABLES `BATCH_JOB_EXECUTION_CONTEXT` WRITE;
/*!40000 ALTER TABLE `BATCH_JOB_EXECUTION_CONTEXT` DISABLE KEYS */;
INSERT INTO `BATCH_JOB_EXECUTION_CONTEXT` VALUES (1,'rO0ABXNyABFqYXZhLnV0aWwuSGFzaE1hcAUH2sHDFmDRAwACRgAKbG9hZEZhY3RvckkACXRocmVzaG9sZHhwP0AAAAAAAAx3CAAAABAAAAABdAANYmF0Y2gudmVyc2lvbnQABTUuMi4xeA==',NULL),(2,'rO0ABXNyABFqYXZhLnV0aWwuSGFzaE1hcAUH2sHDFmDRAwACRgAKbG9hZEZhY3RvckkACXRocmVzaG9sZHhwP0AAAAAAAAx3CAAAABAAAAABdAANYmF0Y2gudmVyc2lvbnQABTUuMi4xeA==',NULL),(3,'rO0ABXNyABFqYXZhLnV0aWwuSGFzaE1hcAUH2sHDFmDRAwACRgAKbG9hZEZhY3RvckkACXRocmVzaG9sZHhwP0AAAAAAAAx3CAAAABAAAAABdAANYmF0Y2gudmVyc2lvbnQABTUuMi4xeA==',NULL),(4,'rO0ABXNyABFqYXZhLnV0aWwuSGFzaE1hcAUH2sHDFmDRAwACRgAKbG9hZEZhY3RvckkACXRocmVzaG9sZHhwP0AAAAAAAAx3CAAAABAAAAABdAANYmF0Y2gudmVyc2lvbnQABTUuMi4xeA==',NULL),(5,'rO0ABXNyABFqYXZhLnV0aWwuSGFzaE1hcAUH2sHDFmDRAwACRgAKbG9hZEZhY3RvckkACXRocmVzaG9sZHhwP0AAAAAAAAx3CAAAABAAAAABdAANYmF0Y2gudmVyc2lvbnQABTUuMi4xeA==',NULL),(6,'rO0ABXNyABFqYXZhLnV0aWwuSGFzaE1hcAUH2sHDFmDRAwACRgAKbG9hZEZhY3RvckkACXRocmVzaG9sZHhwP0AAAAAAAAx3CAAAABAAAAABdAANYmF0Y2gudmVyc2lvbnQABTUuMi4xeA==',NULL),(7,'rO0ABXNyABFqYXZhLnV0aWwuSGFzaE1hcAUH2sHDFmDRAwACRgAKbG9hZEZhY3RvckkACXRocmVzaG9sZHhwP0AAAAAAAAx3CAAAABAAAAABdAANYmF0Y2gudmVyc2lvbnQABTUuMi4xeA==',NULL),(8,'rO0ABXNyABFqYXZhLnV0aWwuSGFzaE1hcAUH2sHDFmDRAwACRgAKbG9hZEZhY3RvckkACXRocmVzaG9sZHhwP0AAAAAAAAx3CAAAABAAAAABdAANYmF0Y2gudmVyc2lvbnQABTUuMi4xeA==',NULL),(9,'rO0ABXNyABFqYXZhLnV0aWwuSGFzaE1hcAUH2sHDFmDRAwACRgAKbG9hZEZhY3RvckkACXRocmVzaG9sZHhwP0AAAAAAAAx3CAAAABAAAAABdAANYmF0Y2gudmVyc2lvbnQABTUuMi4xeA==',NULL),(10,'rO0ABXNyABFqYXZhLnV0aWwuSGFzaE1hcAUH2sHDFmDRAwACRgAKbG9hZEZhY3RvckkACXRocmVzaG9sZHhwP0AAAAAAAAx3CAAAABAAAAABdAANYmF0Y2gudmVyc2lvbnQABTUuMi4xeA==',NULL),(11,'rO0ABXNyABFqYXZhLnV0aWwuSGFzaE1hcAUH2sHDFmDRAwACRgAKbG9hZEZhY3RvckkACXRocmVzaG9sZHhwP0AAAAAAAAx3CAAAABAAAAABdAANYmF0Y2gudmVyc2lvbnQABTUuMi4xeA==',NULL),(12,'rO0ABXNyABFqYXZhLnV0aWwuSGFzaE1hcAUH2sHDFmDRAwACRgAKbG9hZEZhY3RvckkACXRocmVzaG9sZHhwP0AAAAAAAAx3CAAAABAAAAABdAANYmF0Y2gudmVyc2lvbnQABTUuMi4xeA==',NULL),(13,'rO0ABXNyABFqYXZhLnV0aWwuSGFzaE1hcAUH2sHDFmDRAwACRgAKbG9hZEZhY3RvckkACXRocmVzaG9sZHhwP0AAAAAAAAx3CAAAABAAAAABdAANYmF0Y2gudmVyc2lvbnQABTUuMi4xeA==',NULL),(14,'rO0ABXNyABFqYXZhLnV0aWwuSGFzaE1hcAUH2sHDFmDRAwACRgAKbG9hZEZhY3RvckkACXRocmVzaG9sZHhwP0AAAAAAAAx3CAAAABAAAAABdAANYmF0Y2gudmVyc2lvbnQABTUuMi4xeA==',NULL),(15,'rO0ABXNyABFqYXZhLnV0aWwuSGFzaE1hcAUH2sHDFmDRAwACRgAKbG9hZEZhY3RvckkACXRocmVzaG9sZHhwP0AAAAAAAAx3CAAAABAAAAABdAANYmF0Y2gudmVyc2lvbnQABTUuMi4xeA==',NULL),(16,'rO0ABXNyABFqYXZhLnV0aWwuSGFzaE1hcAUH2sHDFmDRAwACRgAKbG9hZEZhY3RvckkACXRocmVzaG9sZHhwP0AAAAAAAAx3CAAAABAAAAABdAANYmF0Y2gudmVyc2lvbnQABTUuMi4xeA==',NULL),(17,'rO0ABXNyABFqYXZhLnV0aWwuSGFzaE1hcAUH2sHDFmDRAwACRgAKbG9hZEZhY3RvckkACXRocmVzaG9sZHhwP0AAAAAAAAx3CAAAABAAAAABdAANYmF0Y2gudmVyc2lvbnQABTUuMi4xeA==',NULL),(18,'rO0ABXNyABFqYXZhLnV0aWwuSGFzaE1hcAUH2sHDFmDRAwACRgAKbG9hZEZhY3RvckkACXRocmVzaG9sZHhwP0AAAAAAAAx3CAAAABAAAAABdAANYmF0Y2gudmVyc2lvbnQABTUuMi4xeA==',NULL),(19,'rO0ABXNyABFqYXZhLnV0aWwuSGFzaE1hcAUH2sHDFmDRAwACRgAKbG9hZEZhY3RvckkACXRocmVzaG9sZHhwP0AAAAAAAAx3CAAAABAAAAABdAANYmF0Y2gudmVyc2lvbnQABTUuMi4xeA==',NULL),(20,'rO0ABXNyABFqYXZhLnV0aWwuSGFzaE1hcAUH2sHDFmDRAwACRgAKbG9hZEZhY3RvckkACXRocmVzaG9sZHhwP0AAAAAAAAx3CAAAABAAAAABdAANYmF0Y2gudmVyc2lvbnQABTUuMi4xeA==',NULL),(21,'rO0ABXNyABFqYXZhLnV0aWwuSGFzaE1hcAUH2sHDFmDRAwACRgAKbG9hZEZhY3RvckkACXRocmVzaG9sZHhwP0AAAAAAAAx3CAAAABAAAAABdAANYmF0Y2gudmVyc2lvbnQABTUuMi4xeA==',NULL),(22,'rO0ABXNyABFqYXZhLnV0aWwuSGFzaE1hcAUH2sHDFmDRAwACRgAKbG9hZEZhY3RvckkACXRocmVzaG9sZHhwP0AAAAAAAAx3CAAAABAAAAABdAANYmF0Y2gudmVyc2lvbnQABTUuMi4xeA==',NULL),(23,'rO0ABXNyABFqYXZhLnV0aWwuSGFzaE1hcAUH2sHDFmDRAwACRgAKbG9hZEZhY3RvckkACXRocmVzaG9sZHhwP0AAAAAAAAx3CAAAABAAAAABdAANYmF0Y2gudmVyc2lvbnQABTUuMi4xeA==',NULL),(24,'rO0ABXNyABFqYXZhLnV0aWwuSGFzaE1hcAUH2sHDFmDRAwACRgAKbG9hZEZhY3RvckkACXRocmVzaG9sZHhwP0AAAAAAAAx3CAAAABAAAAABdAANYmF0Y2gudmVyc2lvbnQABTUuMi4xeA==',NULL),(25,'rO0ABXNyABFqYXZhLnV0aWwuSGFzaE1hcAUH2sHDFmDRAwACRgAKbG9hZEZhY3RvckkACXRocmVzaG9sZHhwP0AAAAAAAAx3CAAAABAAAAABdAANYmF0Y2gudmVyc2lvbnQABTUuMi4xeA==',NULL),(26,'rO0ABXNyABFqYXZhLnV0aWwuSGFzaE1hcAUH2sHDFmDRAwACRgAKbG9hZEZhY3RvckkACXRocmVzaG9sZHhwP0AAAAAAAAx3CAAAABAAAAABdAANYmF0Y2gudmVyc2lvbnQABTUuMi4xeA==',NULL),(27,'rO0ABXNyABFqYXZhLnV0aWwuSGFzaE1hcAUH2sHDFmDRAwACRgAKbG9hZEZhY3RvckkACXRocmVzaG9sZHhwP0AAAAAAAAx3CAAAABAAAAABdAANYmF0Y2gudmVyc2lvbnQABTUuMi4xeA==',NULL);
/*!40000 ALTER TABLE `BATCH_JOB_EXECUTION_CONTEXT` ENABLE KEYS */;
UNLOCK TABLES;

--
-- Table structure for table `BATCH_JOB_EXECUTION_PARAMS`
--

DROP TABLE IF EXISTS `BATCH_JOB_EXECUTION_PARAMS`;
/*!40101 SET @saved_cs_client     = @@character_set_client */;
/*!50503 SET character_set_client = utf8mb4 */;
CREATE TABLE `BATCH_JOB_EXECUTION_PARAMS` (
  `JOB_EXECUTION_ID` bigint NOT NULL,
  `PARAMETER_NAME` varchar(100) COLLATE utf8mb4_general_ci NOT NULL,
  `PARAMETER_TYPE` varchar(100) COLLATE utf8mb4_general_ci NOT NULL,
  `PARAMETER_VALUE` varchar(2500) COLLATE utf8mb4_general_ci DEFAULT NULL,
  `IDENTIFYING` char(1) COLLATE utf8mb4_general_ci NOT NULL,
  KEY `JOB_EXEC_PARAMS_FK` (`JOB_EXECUTION_ID`),
  CONSTRAINT `JOB_EXEC_PARAMS_FK` FOREIGN KEY (`JOB_EXECUTION_ID`) REFERENCES `BATCH_JOB_EXECUTION` (`JOB_EXECUTION_ID`)
) ENGINE=InnoDB DEFAULT CHARSET=utf8mb4 COLLATE=utf8mb4_general_ci;
/*!40101 SET character_set_client = @saved_cs_client */;

--
-- Dumping data for table `BATCH_JOB_EXECUTION_PARAMS`
--

LOCK TABLES `BATCH_JOB_EXECUTION_PARAMS` WRITE;
/*!40000 ALTER TABLE `BATCH_JOB_EXECUTION_PARAMS` DISABLE KEYS */;
/*!40000 ALTER TABLE `BATCH_JOB_EXECUTION_PARAMS` ENABLE KEYS */;
UNLOCK TABLES;

--
-- Table structure for table `BATCH_JOB_EXECUTION_SEQ`
--

DROP TABLE IF EXISTS `BATCH_JOB_EXECUTION_SEQ`;
/*!40101 SET @saved_cs_client     = @@character_set_client */;
/*!50503 SET character_set_client = utf8mb4 */;
CREATE TABLE `BATCH_JOB_EXECUTION_SEQ` (
  `ID` bigint NOT NULL,
  `UNIQUE_KEY` char(1) COLLATE utf8mb4_general_ci NOT NULL,
  UNIQUE KEY `UNIQUE_KEY_UN` (`UNIQUE_KEY`)
) ENGINE=InnoDB DEFAULT CHARSET=utf8mb4 COLLATE=utf8mb4_general_ci;
/*!40101 SET character_set_client = @saved_cs_client */;

--
-- Dumping data for table `BATCH_JOB_EXECUTION_SEQ`
--

LOCK TABLES `BATCH_JOB_EXECUTION_SEQ` WRITE;
/*!40000 ALTER TABLE `BATCH_JOB_EXECUTION_SEQ` DISABLE KEYS */;
INSERT INTO `BATCH_JOB_EXECUTION_SEQ` VALUES (27,'0');
/*!40000 ALTER TABLE `BATCH_JOB_EXECUTION_SEQ` ENABLE KEYS */;
UNLOCK TABLES;

--
-- Table structure for table `BATCH_JOB_INSTANCE`
--

DROP TABLE IF EXISTS `BATCH_JOB_INSTANCE`;
/*!40101 SET @saved_cs_client     = @@character_set_client */;
/*!50503 SET character_set_client = utf8mb4 */;
CREATE TABLE `BATCH_JOB_INSTANCE` (
  `JOB_INSTANCE_ID` bigint NOT NULL,
  `VERSION` bigint DEFAULT NULL,
  `JOB_NAME` varchar(100) COLLATE utf8mb4_general_ci NOT NULL,
  `JOB_KEY` varchar(32) COLLATE utf8mb4_general_ci NOT NULL,
  PRIMARY KEY (`JOB_INSTANCE_ID`),
  UNIQUE KEY `JOB_INST_UN` (`JOB_NAME`,`JOB_KEY`)
) ENGINE=InnoDB DEFAULT CHARSET=utf8mb4 COLLATE=utf8mb4_general_ci;
/*!40101 SET character_set_client = @saved_cs_client */;

--
-- Dumping data for table `BATCH_JOB_INSTANCE`
--

LOCK TABLES `BATCH_JOB_INSTANCE` WRITE;
/*!40000 ALTER TABLE `BATCH_JOB_INSTANCE` DISABLE KEYS */;
INSERT INTO `BATCH_JOB_INSTANCE` VALUES (1,0,'updateBlogRanking','d41d8cd98f00b204e9800998ecf8427e');
/*!40000 ALTER TABLE `BATCH_JOB_INSTANCE` ENABLE KEYS */;
UNLOCK TABLES;

--
-- Table structure for table `BATCH_JOB_SEQ`
--

DROP TABLE IF EXISTS `BATCH_JOB_SEQ`;
/*!40101 SET @saved_cs_client     = @@character_set_client */;
/*!50503 SET character_set_client = utf8mb4 */;
CREATE TABLE `BATCH_JOB_SEQ` (
  `ID` bigint NOT NULL,
  `UNIQUE_KEY` char(1) COLLATE utf8mb4_general_ci NOT NULL,
  UNIQUE KEY `UNIQUE_KEY_UN` (`UNIQUE_KEY`)
) ENGINE=InnoDB DEFAULT CHARSET=utf8mb4 COLLATE=utf8mb4_general_ci;
/*!40101 SET character_set_client = @saved_cs_client */;

--
-- Dumping data for table `BATCH_JOB_SEQ`
--

LOCK TABLES `BATCH_JOB_SEQ` WRITE;
/*!40000 ALTER TABLE `BATCH_JOB_SEQ` DISABLE KEYS */;
INSERT INTO `BATCH_JOB_SEQ` VALUES (1,'0');
/*!40000 ALTER TABLE `BATCH_JOB_SEQ` ENABLE KEYS */;
UNLOCK TABLES;

--
-- Table structure for table `BATCH_STEP_EXECUTION`
--

DROP TABLE IF EXISTS `BATCH_STEP_EXECUTION`;
/*!40101 SET @saved_cs_client     = @@character_set_client */;
/*!50503 SET character_set_client = utf8mb4 */;
CREATE TABLE `BATCH_STEP_EXECUTION` (
  `STEP_EXECUTION_ID` bigint NOT NULL,
  `VERSION` bigint NOT NULL,
  `STEP_NAME` varchar(100) COLLATE utf8mb4_general_ci NOT NULL,
  `JOB_EXECUTION_ID` bigint NOT NULL,
  `CREATE_TIME` datetime(6) NOT NULL,
  `START_TIME` datetime(6) DEFAULT NULL,
  `END_TIME` datetime(6) DEFAULT NULL,
  `STATUS` varchar(10) COLLATE utf8mb4_general_ci DEFAULT NULL,
  `COMMIT_COUNT` bigint DEFAULT NULL,
  `READ_COUNT` bigint DEFAULT NULL,
  `FILTER_COUNT` bigint DEFAULT NULL,
  `WRITE_COUNT` bigint DEFAULT NULL,
  `READ_SKIP_COUNT` bigint DEFAULT NULL,
  `WRITE_SKIP_COUNT` bigint DEFAULT NULL,
  `PROCESS_SKIP_COUNT` bigint DEFAULT NULL,
  `ROLLBACK_COUNT` bigint DEFAULT NULL,
  `EXIT_CODE` varchar(2500) COLLATE utf8mb4_general_ci DEFAULT NULL,
  `EXIT_MESSAGE` varchar(2500) COLLATE utf8mb4_general_ci DEFAULT NULL,
  `LAST_UPDATED` datetime(6) DEFAULT NULL,
  PRIMARY KEY (`STEP_EXECUTION_ID`),
  KEY `JOB_EXEC_STEP_FK` (`JOB_EXECUTION_ID`),
  CONSTRAINT `JOB_EXEC_STEP_FK` FOREIGN KEY (`JOB_EXECUTION_ID`) REFERENCES `BATCH_JOB_EXECUTION` (`JOB_EXECUTION_ID`)
) ENGINE=InnoDB DEFAULT CHARSET=utf8mb4 COLLATE=utf8mb4_general_ci;
/*!40101 SET character_set_client = @saved_cs_client */;

--
-- Dumping data for table `BATCH_STEP_EXECUTION`
--

LOCK TABLES `BATCH_STEP_EXECUTION` WRITE;
/*!40000 ALTER TABLE `BATCH_STEP_EXECUTION` DISABLE KEYS */;
INSERT INTO `BATCH_STEP_EXECUTION` VALUES (1,4,'rankingStep',1,'2026-01-20 18:38:57.678403','2026-01-20 18:38:57.682832','2026-01-20 18:38:57.701930','COMPLETED',2,5,0,5,0,0,0,0,'COMPLETED','','2026-01-20 18:38:57.703884');
/*!40000 ALTER TABLE `BATCH_STEP_EXECUTION` ENABLE KEYS */;
UNLOCK TABLES;

--
-- Table structure for table `BATCH_STEP_EXECUTION_CONTEXT`
--

DROP TABLE IF EXISTS `BATCH_STEP_EXECUTION_CONTEXT`;
/*!40101 SET @saved_cs_client     = @@character_set_client */;
/*!50503 SET character_set_client = utf8mb4 */;
CREATE TABLE `BATCH_STEP_EXECUTION_CONTEXT` (
  `STEP_EXECUTION_ID` bigint NOT NULL,
  `SHORT_CONTEXT` varchar(2500) COLLATE utf8mb4_general_ci NOT NULL,
  `SERIALIZED_CONTEXT` text COLLATE utf8mb4_general_ci,
  PRIMARY KEY (`STEP_EXECUTION_ID`),
  CONSTRAINT `STEP_EXEC_CTX_FK` FOREIGN KEY (`STEP_EXECUTION_ID`) REFERENCES `BATCH_STEP_EXECUTION` (`STEP_EXECUTION_ID`)
) ENGINE=InnoDB DEFAULT CHARSET=utf8mb4 COLLATE=utf8mb4_general_ci;
/*!40101 SET character_set_client = @saved_cs_client */;

--
-- Dumping data for table `BATCH_STEP_EXECUTION_CONTEXT`
--

LOCK TABLES `BATCH_STEP_EXECUTION_CONTEXT` WRITE;
/*!40000 ALTER TABLE `BATCH_STEP_EXECUTION_CONTEXT` DISABLE KEYS */;
INSERT INTO `BATCH_STEP_EXECUTION_CONTEXT` VALUES (1,'rO0ABXNyABFqYXZhLnV0aWwuSGFzaE1hcAUH2sHDFmDRAwACRgAKbG9hZEZhY3RvckkACXRocmVzaG9sZHhwP0AAAAAAAAx3CAAAABAAAAADdAARYmF0Y2gudGFza2xldFR5cGV0AD1vcmcuc3ByaW5nZnJhbWV3b3JrLmJhdGNoLmNvcmUuc3RlcC5pdGVtLkNodW5rT3JpZW50ZWRUYXNrbGV0dAANYmF0Y2gudmVyc2lvbnQABTUuMi4xdAAOYmF0Y2guc3RlcFR5cGV0ADdvcmcuc3ByaW5nZnJhbWV3b3JrLmJhdGNoLmNvcmUuc3RlcC50YXNrbGV0LlRhc2tsZXRTdGVweA==',NULL);
/*!40000 ALTER TABLE `BATCH_STEP_EXECUTION_CONTEXT` ENABLE KEYS */;
UNLOCK TABLES;

--
-- Table structure for table `BATCH_STEP_EXECUTION_SEQ`
--

DROP TABLE IF EXISTS `BATCH_STEP_EXECUTION_SEQ`;
/*!40101 SET @saved_cs_client     = @@character_set_client */;
/*!50503 SET character_set_client = utf8mb4 */;
CREATE TABLE `BATCH_STEP_EXECUTION_SEQ` (
  `ID` bigint NOT NULL,
  `UNIQUE_KEY` char(1) COLLATE utf8mb4_general_ci NOT NULL,
  UNIQUE KEY `UNIQUE_KEY_UN` (`UNIQUE_KEY`)
) ENGINE=InnoDB DEFAULT CHARSET=utf8mb4 COLLATE=utf8mb4_general_ci;
/*!40101 SET character_set_client = @saved_cs_client */;

--
-- Dumping data for table `BATCH_STEP_EXECUTION_SEQ`
--

LOCK TABLES `BATCH_STEP_EXECUTION_SEQ` WRITE;
/*!40000 ALTER TABLE `BATCH_STEP_EXECUTION_SEQ` DISABLE KEYS */;
INSERT INTO `BATCH_STEP_EXECUTION_SEQ` VALUES (1,'0');
/*!40000 ALTER TABLE `BATCH_STEP_EXECUTION_SEQ` ENABLE KEYS */;
UNLOCK TABLES;

--
-- Table structure for table `appearances`
--

DROP TABLE IF EXISTS `appearances`;
/*!40101 SET @saved_cs_client     = @@character_set_client */;
/*!50503 SET character_set_client = utf8mb4 */;
CREATE TABLE `appearances` (
  `id` int NOT NULL AUTO_INCREMENT,
  `talent_id` int NOT NULL,
  `date` date NOT NULL,
  `title` varchar(255) COLLATE utf8mb4_general_ci NOT NULL,
  `text` text COLLATE utf8mb4_general_ci NOT NULL,
  `created_at` timestamp NOT NULL,
  `updated_at` timestamp NULL DEFAULT NULL,
  `deleted_at` timestamp NULL DEFAULT NULL,
  PRIMARY KEY (`id`)
) ENGINE=InnoDB AUTO_INCREMENT=6 DEFAULT CHARSET=utf8mb4 COLLATE=utf8mb4_general_ci;
/*!40101 SET character_set_client = @saved_cs_client */;

--
-- Dumping data for table `appearances`
--

LOCK TABLES `appearances` WRITE;
/*!40000 ALTER TABLE `appearances` DISABLE KEYS */;
INSERT INTO `appearances` VALUES (1,1,'2100-12-31','コンサート','世紀末年越しコンサート','2026-01-05 01:45:50',NULL,NULL),(2,1,'2200-12-31','コンサート2','続・世紀末コンサート','2026-01-14 02:03:51',NULL,NULL),(3,1,'2301-12-31','コンサート3(日時変更あり)','1年遅くなりましたので訂正です!','2026-01-14 02:07:02','2026-01-19 07:23:47',NULL),(4,1,'2401-12-31','削除テスト用投稿','削除します','2026-01-14 04:40:51',NULL,'2026-01-14 04:41:12'),(5,1,'2500-12-31','<更新>API修正後動作テスト','テストテスト','2026-01-14 08:07:42','2026-01-14 08:08:10','2026-01-14 08:08:28');
/*!40000 ALTER TABLE `appearances` ENABLE KEYS */;
UNLOCK TABLES;

--
-- Table structure for table `blogs`
--

DROP TABLE IF EXISTS `blogs`;
/*!40101 SET @saved_cs_client     = @@character_set_client */;
/*!50503 SET character_set_client = utf8mb4 */;
CREATE TABLE `blogs` (
  `id` int NOT NULL AUTO_INCREMENT,
  `talent_id` int NOT NULL,
  `title` varchar(255) COLLATE utf8mb4_general_ci NOT NULL,
  `text` text COLLATE utf8mb4_general_ci NOT NULL,
  `created_at` timestamp NOT NULL,
  `updated_at` timestamp NULL DEFAULT NULL,
  `deleted_at` timestamp NULL DEFAULT NULL,
  PRIMARY KEY (`id`)
) ENGINE=InnoDB AUTO_INCREMENT=26 DEFAULT CHARSET=utf8mb4 COLLATE=utf8mb4_general_ci;
/*!40101 SET character_set_client = @saved_cs_client */;

--
-- Dumping data for table `blogs`
--

LOCK TABLES `blogs` WRITE;
/*!40000 ALTER TABLE `blogs` DISABLE KEYS */;
INSERT INTO `blogs` VALUES (1,1,'<(2)更新>API修正後動作テスト','テストテスト','2026-01-05 01:39:07','2026-01-14 08:49:36',NULL),(2,1,'削除テスト用投稿','この投稿は使いません','2026-01-06 02:05:24',NULL,'2026-01-06 02:41:14'),(3,1,'削除テスト用投稿2','この投稿も使いません','2026-01-07 05:55:17',NULL,NULL),(4,1,'全件取得レスポンス用テスト','この投稿は使いません','2026-01-08 06:36:03',NULL,NULL),(5,1,'全件取得レスポンス用テスト','この投稿は使いません','2026-01-08 06:36:07',NULL,NULL),(6,1,'全件取得レスポンス用テスト','この投稿は使いません','2026-01-08 06:36:08',NULL,NULL),(7,1,'全件取得レスポンス用テスト','この投稿は使いません','2026-01-08 07:12:42',NULL,NULL),(8,1,'全件取得レスポンス用テスト','この投稿は使いません','2026-01-08 07:12:43',NULL,NULL),(9,1,'全件取得レスポンス用テスト','この投稿は使いません','2026-01-08 07:12:43',NULL,NULL),(10,1,'全件取得レスポンス用テスト','この投稿は使いません','2026-01-08 07:12:44',NULL,NULL),(11,1,'全件取得レスポンス用テスト','この投稿は使いません','2026-01-08 07:12:44',NULL,NULL),(12,1,'全件取得レスポンス用テスト','この投稿は使いません','2026-01-08 07:12:44',NULL,NULL),(13,1,'全件取得レスポンス用テスト','この投稿は使いません','2026-01-08 07:12:44',NULL,NULL),(14,1,'全件取得レスポンス用テスト','この投稿は使いません','2026-01-08 07:12:44',NULL,NULL),(15,1,'全件取得レスポンス用テスト','この投稿は使いません','2026-01-08 07:12:44',NULL,NULL),(16,1,'全件取得レスポンス用テスト','この投稿は使いません','2026-01-08 07:12:45',NULL,NULL),(17,1,'全件取得レスポンス用テスト','この投稿は使いません','2026-01-08 07:12:45',NULL,NULL),(18,1,'全件取得レスポンス用テスト','この投稿は使いません','2026-01-08 07:12:45',NULL,'2026-01-15 09:08:04'),(19,1,'新規投稿テスト','新規投稿本文です','2026-01-13 03:33:40',NULL,NULL),(20,1,'新規投稿テスト','新規投稿本文です','2026-01-13 03:45:20',NULL,NULL),(21,1,'新規投稿テスト','新規投稿本文です','2026-01-13 03:45:38',NULL,NULL),(22,1,'新規投稿テスト','新規投稿本文です','2026-01-13 03:50:21',NULL,'2026-01-15 09:07:56'),(23,1,'<更新>API修正後動作テスト','テストテスト','2026-01-14 08:01:46','2026-01-14 08:02:48','2026-01-14 08:03:05'),(24,1,'API修正後動作テスト','テストテスト','2026-01-14 08:50:05',NULL,NULL),(25,1,'久しぶりにコンサートに出演します(※2026/1/15更新)','超久々の投稿です！2401年1月1日、25世紀初めを盛大に祝うピアノコンサートを開催します！みなさんぜひ足をお運びください！\n詳細は以下になります↓\n【場所】：地球','2026-01-15 07:37:29','2026-01-19 07:25:59',NULL);
/*!40000 ALTER TABLE `blogs` ENABLE KEYS */;
UNLOCK TABLES;

--
-- Table structure for table `comments`
--

DROP TABLE IF EXISTS `comments`;
/*!40101 SET @saved_cs_client     = @@character_set_client */;
/*!50503 SET character_set_client = utf8mb4 */;
CREATE TABLE `comments` (
  `id` int NOT NULL AUTO_INCREMENT,
  `blog_id` int NOT NULL,
  `created_by` enum('user','talent') COLLATE utf8mb4_general_ci NOT NULL,
  `text` text COLLATE utf8mb4_general_ci NOT NULL,
  `created_at` timestamp NOT NULL,
  `updated_at` timestamp NULL DEFAULT NULL,
  `deleted_at` timestamp NULL DEFAULT NULL,
  PRIMARY KEY (`id`)
) ENGINE=InnoDB AUTO_INCREMENT=49 DEFAULT CHARSET=utf8mb4 COLLATE=utf8mb4_general_ci;
/*!40101 SET character_set_client = @saved_cs_client */;

--
-- Dumping data for table `comments`
--

LOCK TABLES `comments` WRITE;
/*!40000 ALTER TABLE `comments` DISABLE KEYS */;
INSERT INTO `comments` VALUES (1,1,'user','いつも見てます！テストコメントです！','2026-01-05 01:52:23',NULL,'2026-01-15 08:25:25'),(2,1,'user','大ファンです！いつも見てます！','2026-01-15 02:14:28',NULL,NULL),(3,1,'user','大ファンです！いつも見てます！','2026-01-15 02:15:20',NULL,NULL),(4,1,'user','大ファンです！いつも見てます！','2026-01-15 02:16:02',NULL,NULL),(5,1,'user','大ファンです！いつも見てます！','2026-01-15 02:16:08',NULL,NULL),(6,1,'user','大ファンです！いつも見てます！','2026-01-15 02:16:11',NULL,NULL),(7,1,'user','大ファンです！いつも見てます！','2026-01-15 02:16:13',NULL,NULL),(8,1,'user','大ファンです！いつも見てます！','2026-01-15 02:16:15',NULL,NULL),(9,1,'user','大ファンです！いつも見てます！','2026-01-15 02:16:18',NULL,NULL),(10,1,'user','大ファンです！いつも見てます！','2026-01-15 02:16:20',NULL,NULL),(11,1,'user','大ファンです！いつも見てます！','2026-01-15 02:16:23',NULL,NULL),(12,4,'user','大ファンです！いつも見てます！','2026-01-15 02:16:46',NULL,NULL),(13,4,'user','大ファンです！いつも見てます！','2026-01-15 02:16:52',NULL,NULL),(14,4,'user','大ファンです！いつも見てます！','2026-01-15 02:16:55',NULL,NULL),(15,4,'user','大ファンです！いつも見てます！','2026-01-15 02:16:57',NULL,NULL),(16,4,'user','大ファンです！いつも見てます！','2026-01-15 02:17:00',NULL,NULL),(17,4,'user','大ファンです！いつも見てます！','2026-01-15 02:17:03',NULL,NULL),(18,4,'user','大ファンです！いつも見てます！','2026-01-15 02:17:06',NULL,NULL),(19,1,'user','大ファンです！いつも見てます！','2026-01-15 02:17:09',NULL,NULL),(20,1,'user','大ファンです！いつも見てます！','2026-01-15 02:17:11',NULL,NULL),(21,1,'user','大ファンです！いつも見てます！','2026-01-15 02:17:12',NULL,NULL),(22,1,'user','大ファンです！いつも見てます！','2026-01-15 02:17:14',NULL,NULL),(23,1,'user','大ファンです！いつも見てます！','2026-01-15 02:17:19',NULL,NULL),(24,24,'user','大ファンです！いつも見てます！','2026-01-15 02:17:49',NULL,NULL),(25,24,'user','大ファンです！いつも見てます！','2026-01-15 02:17:53',NULL,NULL),(26,24,'user','大ファンです！いつも見てます！','2026-01-15 02:17:57',NULL,NULL),(27,24,'user','大ファンです！いつも見てます！','2026-01-15 02:18:01',NULL,NULL),(28,1,'user','{\n  \"text\": \"コメント投稿テストです\"\n}','2026-01-15 03:54:15',NULL,NULL),(29,1,'user','コメント投稿テストです','2026-01-15 05:49:18',NULL,NULL),(30,1,'talent','コメント投稿テストです','2026-01-15 05:50:15',NULL,NULL),(31,1,'talent','再改・コメント投稿テストです','2026-01-15 05:52:47','2026-01-15 08:07:30',NULL),(32,1,'talent','コメント投稿テストです','2026-01-15 06:16:07',NULL,NULL),(33,25,'user','スター同士頑張ろう!!','2026-01-15 09:32:04',NULL,NULL),(34,25,'user','大好き!!','2026-01-15 09:37:46',NULL,NULL),(35,13,'user','大ファンです！いつも見てます！','2026-01-20 09:21:38',NULL,NULL),(36,13,'user','大ファンです！いつも見てます！','2026-01-20 09:21:39',NULL,NULL),(37,13,'user','大ファンです！いつも見てます！','2026-01-20 09:21:39',NULL,NULL),(38,13,'user','大ファンです！いつも見てます！','2026-01-20 09:21:40',NULL,NULL),(39,13,'user','大ファンです！いつも見てます！','2026-01-20 09:21:40',NULL,NULL),(40,13,'user','大ファンです！いつも見てます！','2026-01-20 09:21:41',NULL,NULL),(41,13,'user','大ファンです！いつも見てます！','2026-01-20 09:21:41',NULL,NULL),(42,13,'user','大ファンです！いつも見てます！','2026-01-20 09:21:42',NULL,NULL),(43,13,'user','大ファンです！いつも見てます！','2026-01-20 09:21:42',NULL,NULL),(44,13,'user','大ファンです！いつも見てます！','2026-01-20 09:21:43',NULL,NULL),(45,13,'user','大ファンです！いつも見てます！','2026-01-20 09:21:43',NULL,NULL),(46,13,'user','大ファンです！いつも見てます！','2026-01-20 09:21:44',NULL,NULL),(47,13,'user','大ファンです！いつも見てます！','2026-01-20 09:21:44',NULL,NULL),(48,13,'user','大ファンです！いつも見てます！','2026-01-20 09:21:45',NULL,NULL);
/*!40000 ALTER TABLE `comments` ENABLE KEYS */;
UNLOCK TABLES;

--
-- Table structure for table `main_images`
--

DROP TABLE IF EXISTS `main_images`;
/*!40101 SET @saved_cs_client     = @@character_set_client */;
/*!50503 SET character_set_client = utf8mb4 */;
CREATE TABLE `main_images` (
  `id` int NOT NULL AUTO_INCREMENT,
  `talent_id` int NOT NULL,
  `image_link` text COLLATE utf8mb4_general_ci NOT NULL,
  `created_at` timestamp NOT NULL,
  `updated_at` timestamp NULL DEFAULT NULL,
  `deleted_at` timestamp NULL DEFAULT NULL,
  PRIMARY KEY (`id`)
) ENGINE=InnoDB AUTO_INCREMENT=2 DEFAULT CHARSET=utf8mb4 COLLATE=utf8mb4_general_ci;
/*!40101 SET character_set_client = @saved_cs_client */;

--
-- Dumping data for table `main_images`
--

LOCK TABLES `main_images` WRITE;
/*!40000 ALTER TABLE `main_images` DISABLE KEYS */;
INSERT INTO `main_images` VALUES (1,1,'mainimages.png','2026-01-05 02:02:39','2026-01-16 08:06:32',NULL);
/*!40000 ALTER TABLE `main_images` ENABLE KEYS */;
UNLOCK TABLES;

--
-- Table structure for table `ranking`
--

DROP TABLE IF EXISTS `ranking`;
/*!40101 SET @saved_cs_client     = @@character_set_client */;
/*!50503 SET character_set_client = utf8mb4 */;
CREATE TABLE `ranking` (
  `id` int NOT NULL AUTO_INCREMENT,
  `rank` int DEFAULT NULL,
  `blog_id` int DEFAULT NULL,
  `comment_count` int DEFAULT NULL,
  `created_at` timestamp NOT NULL,
  `updated_at` timestamp NULL DEFAULT NULL,
  `deleted_at` timestamp NULL DEFAULT NULL,
  PRIMARY KEY (`id`)
) ENGINE=InnoDB AUTO_INCREMENT=10 DEFAULT CHARSET=utf8mb4 COLLATE=utf8mb4_general_ci;
/*!40101 SET character_set_client = @saved_cs_client */;

--
-- Dumping data for table `ranking`
--

LOCK TABLES `ranking` WRITE;
/*!40000 ALTER TABLE `ranking` DISABLE KEYS */;
INSERT INTO `ranking` VALUES (1,1,1,20,'2026-01-05 01:58:27',NULL,NULL),(2,2,13,14,'2026-01-20 05:28:48',NULL,NULL),(3,3,4,7,'2026-01-20 05:29:44',NULL,NULL),(4,4,24,4,'2026-01-20 05:29:46',NULL,NULL),(5,5,25,2,'2026-01-20 05:29:47',NULL,NULL);
/*!40000 ALTER TABLE `ranking` ENABLE KEYS */;
UNLOCK TABLES;

--
-- Table structure for table `talents`
--

DROP TABLE IF EXISTS `talents`;
/*!40101 SET @saved_cs_client     = @@character_set_client */;
/*!50503 SET character_set_client = utf8mb4 */;
CREATE TABLE `talents` (
  `id` int NOT NULL AUTO_INCREMENT,
  `image_link` varchar(500) COLLATE utf8mb4_general_ci DEFAULT NULL,
  `name` varchar(255) COLLATE utf8mb4_general_ci NOT NULL,
  `age` int NOT NULL,
  `from` varchar(255) COLLATE utf8mb4_general_ci NOT NULL,
  `height` int NOT NULL,
  `hobby` varchar(255) COLLATE utf8mb4_general_ci NOT NULL,
  `created_at` timestamp NOT NULL,
  `updated_at` timestamp NULL DEFAULT NULL,
  `deleted_at` timestamp NULL DEFAULT NULL,
  PRIMARY KEY (`id`)
) ENGINE=InnoDB AUTO_INCREMENT=2 DEFAULT CHARSET=utf8mb4 COLLATE=utf8mb4_general_ci;
/*!40101 SET character_set_client = @saved_cs_client */;

--
-- Dumping data for table `talents`
--

LOCK TABLES `talents` WRITE;
/*!40000 ALTER TABLE `talents` DISABLE KEYS */;
INSERT INTO `talents` VALUES (1,'https://java-finalwork.s3.ap-southeast-2.amazonaws.com/mainimages.png','井上平之',27,'岡山県',183,'ピアノ','2026-01-05 01:34:42','2026-01-19 07:25:38',NULL);
/*!40000 ALTER TABLE `talents` ENABLE KEYS */;
UNLOCK TABLES;

--
-- Dumping routines for database 'Java_Final_Works'
--
/*!40103 SET TIME_ZONE=@OLD_TIME_ZONE */;

/*!40101 SET SQL_MODE=@OLD_SQL_MODE */;
/*!40014 SET FOREIGN_KEY_CHECKS=@OLD_FOREIGN_KEY_CHECKS */;
/*!40014 SET UNIQUE_CHECKS=@OLD_UNIQUE_CHECKS */;
/*!40101 SET CHARACTER_SET_CLIENT=@OLD_CHARACTER_SET_CLIENT */;
/*!40101 SET CHARACTER_SET_RESULTS=@OLD_CHARACTER_SET_RESULTS */;
/*!40101 SET COLLATION_CONNECTION=@OLD_COLLATION_CONNECTION */;
/*!40111 SET SQL_NOTES=@OLD_SQL_NOTES */;

-- Dump completed on 2026-01-21 11:19:24
